<?xml version="1.0" encoding="UTF-8"?>
<project-private xmlns="http://www.netbeans.org/ns/project-private/1">
    <editor-bookmarks xmlns="http://www.netbeans.org/ns/editor-bookmarks/2" lastBookmarkId="1">
        <file>
            <url>web/CSS3%20Menu1.html</url>
            <bookmark id="1">
                <name/>
                <line>0</line>
                <key/>
            </bookmark>
        </file>
    </editor-bookmarks>
    <open-files xmlns="http://www.netbeans.org/ns/projectui-open-files/2">
        <group>
            <file>file:/C:/Users/ashish/Desktop/WebApplication1/web/payment.jsp</file>
            <file>file:/C:/Users/ashish/Desktop/WebApplication1/web/AdminView.jsp</file>
            <file>file:/C:/Users/ashish/Desktop/WebApplication1/web/index.html</file>
        </group>
    </open-files>
</project-private>
